 [
  {
    "id": 1,
    "title": "Student Organization Fair",
    "subtitle": "Explore clubs, societies, and organizations on campus",
    "date": "September 20, 2024",
    "category": "Student Life",
    "image": "https://media.istockphoto.com/id/1125664023/photo/queuing-for-a-music-festival.jpg?s=612x612&w=0&k=20&c=N4CwVSyL3EwFMd9TRiFP6_6EteB5mtk8hPU8yl_e6Uw="
  },
  {
    "id": 2,
    "title": "Academic Conference 2024",
    "subtitle": "Join leading experts in science and technology",
    "date": "October 5, 2024",
    "category": "Academics",
    "image": "https://media.istockphoto.com/id/1355086328/photo/american-football-championship-teams-ready-professional-players-aggressive-face-off-ready-for.jpg?s=612x612&w=0&k=20&c=SyOy0AjIloVMnn5aB9nuaTRghs1PlHy5fZDMGs2pVjc="
  },
  {
    "id": 3,
    "title": "Campus Music Festival",
    "subtitle": "Live performances from local artists",
    "date": "November 12, 2024",
    "category": "Culture & Arts",
    "image": "https://media.istockphoto.com/id/2159024789/photo/a-teacher-with-a-long-white-beard-big-gray-hair-and-glasses-is-wearing-a-checkered-shirt-and.jpg?s=612x612&w=0&k=20&c=wYW88u1OsA5JOwIDrCYKTw3ZxUe9fa1nY2CtSAm62sI="
  }
]