[
  {
    "id": 1,
    "title": "Annual Academic Celebration and Ceremony 2025",
    "category": "Academic",
    "date": "Oct 13–17, 2025",
    "location": "Malmö University",
    "description": "Week-long celebration of academic achievements with public events, new professor appointments, and keynote lectures.",
    "url": "https://mau.se/en/about-us/annual-academic-celebration/academic-traditions/",
    "image": "https://mau.se/contentassets/f5b9a4e6c3f64d2a9e5f1b6a5a6e3d3e/arshogtid_2023_41.jpg?w=770&h=433&mode=crop&quality=10",
    "month": "2025-10",
    "day": 13
  },
  {
    "id": 2,
    "title": "The 2nd Annual Organisation Studies Symposium",
    "category": "Conference",
    "date": "Sep 18–19, 2025",
    "location": "Orkanen, C231, Nordenskiöldsgatan 10",
    "description": "The symposium will take place at Malmö University and will include lunch and dinner on 18 September. For the symposium, we plan a varied programme with invited keynote speakers combined with sessions, where you are invited to present and discuss your work in organisation studies.",
    "url": "https://mau.se/en/calendar/the-2nd-annual-organisation-studies-symposium-/ ",
    "image": "https://mau.se/contentassets/cbd970cd97f0418082964e5391d27b97/medarbetare_2023-10-24_122.jpg?w=770&h=433&mode=crop&quality=10",
    "month": "2025-09",
    "day": 18
  },
  {
    "id": 3,
    "title": "BRCB — The Annual Workshop at Biofilms Research Centre",
    "category": "Workshop",
    "date": "Oct 23–24, 2025",
    "location": "Studio, Nordenskiöldsgatan 24, 211 19 Malmö",
    "description": "Biofilms Research Centre for Biointerfaces invites you to the 20th Annual workshop on 23-24 October 2025. This year the workshop will focus on water research. We will discuss bulk properties of water, water at interfaces and nanoconfinements, as well as industrial and environmental aspects related to water.",
    "url": "https://mau.se/en/calendar/brcb---the-annual-workshop-at-biofilms-research-centre-/ ",
    "image": "https://mau.se/contentassets/7c36f8a67fbe4738b8754c1e02e76ca5/oresundsbron_2009-06-30_03.jpg?w=770&h=433&mode=crop&quality=10",
    "month": "2025-10",
    "day": 23
  },
  {
    "id": 4,
    "title": "Migration seminar: Children and youth empowerment through sports",
    "category": "Seminar",
    "date": "Oct 16, 2025",
    "location": "Niagara, 9th floor, Nordenskiöldsgatan 1 or Zoom",
    "description": "Participatory Action Research with sport-for-development initiatives in Sweden and Uganda. This research builds on the belief that to effectively facilitate sport-related social inclusion and integration, there is need for increased empowerment and meaningful participation of beneficiaries in planning, implementation and evaluation of sport-related social initiatives.",
    "url": "https://mau.se/en/calendar/migration-seminar-children-and-youth-empowerment-through-sports/",
    "image": "https://mau.se/contentassets/d44db7b15e094f1c8aed49d75fb29de3/idrottslektion_2022-02-17_31.jpg?w=770&h=433&mode=crop&quality=10",
    "month": "2025-10",
    "day": 16
  },
  {
    "id": 5,
    "title": "PhD Summer School: Building theory in STEM education research",
    "category": "Education",
    "date": "Aug 20–22, 2025",
    "location": "Malmö University",
    "description": "International PhD course to develop theoretical framing and methodology in science and technology education.",
    "url": "https://mau.se/en/calendar/phd-summer-school-building-theory-in-stem-education-research/",
    "image": "https://mau.se/contentassets/7c36f8a67fbe4738b8754c1e02e76ca5/oresundsbron_2009-06-30_03.jpg?w=770&h=433&mode=crop&quality=10",
    "month": "2025-08",
    "day": 20
  },
  {
    "id": 6,
    "title": "The Nordic Police Research Seminar",
    "category": "Conference",
    "date": "Aug 19–21, 2025",
    "location": "Malmö University, Niagara, Nordenskiöldsgatan 1",
    "description": "An interdisciplinary conference that brings together researchers in different fields of science but has a common focus on issues related to police organization, operations and training.",
    "url": "https://mau.se/en/calendar/the-nordic-police-research-seminar/",
    "image": "https://mau.se/contentassets/ff1c1563f1454d6ba95370a2716de26b/poliskonferens_siluett.jpg?w=770&h=433&mode=crop&quality=10",
    "month": "2025-08",
    "day": 19
  },
  {
    "id": 7,
    "title": "Europe Day 2025",
    "category": "Culture",
    "date": "May 9, 2025",
    "location": "Ballroom, Triangeln 2",
    "description": "Celebration of European unity and values with performances and speeches.",
    "url": "https://mau.se/en/calendar/europe-day-2025/",
    "image": "https://mau.se/contentassets/4e8e9d4e4e4e4e4e4e4e4e4e4e4e4e4e/unic-malmo4-webb.jpg?w=770&h=433&mode=crop&quality=10",
    "month": "2025-05",
    "day": 9
  },
  {
    "id": 8,
    "title": "Verdi's Requiem",
    "category": "Culture",
    "date": "See event page",
    "location": "Malmö (venue per page)",
    "description": "Malmö Academic Choir and Orchestra performing this monumental choral work.",
    "url": "https://mau.se/en/calendar/verdis-requiem/",
    "image": "https://mau.se/contentassets/9e5f1b6a5a6e3d3e/verdis-requiem.jpg?w=770&h=433&mode=crop&quality=10",
    "month": "2025-04",
    "day": 5
  },
  {
    "id": 9,
    "title": "Doctoral school: Sustainable Movement Education",
    "category": "Education",
    "date": "Ongoing",
    "location": "Faculty of Education and Society",
    "description": "Interdisciplinary doctoral program focusing on physical activity, health, and societal change.",
    "url": "https://mau.se/en/research/doctoral-schools/sustainable-movement-education/",
    "image": "https://mau.se/contentassets/d44db7b15e094f1c8aed49d75fb29de3/idrottslektion_2022-02-17_31.jpg?w=770&h=433&mode=crop&quality=10",
    "month": "2025-01",
    "day": 1
  },
  {
    "id": 10,
    "title": "Biofilms Research Centre for Biointerfaces",
    "category": "Research",
    "date": "Ongoing",
    "location": "Nordenskiöldsgatan 24",
    "description": "Research on water at interfaces, nanoconfinements, and industrial/environmental applications.",
    "url": "https://mau.se/en/research/research-centres/biofilms-research-centre-for-biointerfaces/",
    "image": "https://mau.se/contentassets/7c36f8a67fbe4738b8754c1e02e76ca5/oresundsbron_2009-06-30_03.jpg?w=770&h=433&mode=crop&quality=10",
    "month": "2025-01",
    "day": 1
  },
  {
    "id": 11,
    "title": "Citizen Health",
    "category": "Research",
    "date": "Ongoing",
    "location": "Malmö",
    "description": "Community-based participatory research on health equity and urban well-being.",
    "url": "https://mau.se/en/research/research-centres/citizen-health/",
    "image": "https://mau.se/contentassets/c19a1715d00b4618ba87435579da8bf2/lunch_2023-09-21_03.jpg?w=770&h=433&mode=crop&quality=10",
    "month": "2025-07",
    "day": 1
  },
  {
    "id": 12,
    "title": "Aminah quit addiction – became a social worker and CEO",
    "category": "Alumni",
    "date": "2025",
    "location": "Malmö",
    "description": "When Aminah Fallgren became drug-free, she started dreaming of helping others. The social worker programme at Malmö University eventually led her to start the treatment group SONA Connect & Academy, where she is now CEO – offering both treatment and education.",
    "url": "https://mau.se/en/collaboration-and-innovation/alumni--friends/#alumni-portraits",
    "image": "https://mau.se/contentassets/769bbaabb36a4ced8928fd1d9016295f/aminah.jpg?w=220&h=220&mode=crop",
    "month": "2025-05",
    "day": 1
  },
  {
    "id": 13,
    "title": "Alexandru wants to raise awareness of climate change",
    "category": "Alumni",
    "date": "2025",
    "location": "Stockholm",
    "description": "In recent years, Alexandru Al-Qassam has established himself as one of Sweden's most influential figures in sustainability. With his committed work to advance the UN Sustainable Development Goals and his passion for environmental issues, he has inspired and influenced both regionally and nationally.",
    "url": "https://mau.se/en/collaboration-and-innovation/alumni--friends/#alumni-portraits",
    "image": "https://mau.se/contentassets/c8f87d14bb684d81904b8a3633e83ee0/alexandru-al-qassam.jpg?w=220&h=220&mode=crop",
    "month": "2025-06",
    "day": 1
  },
  {
    "id": 50,
    "title": "Contemporary Visual Art Exhibition",
    "category": "arts",
    "date": "Feb 1, 2026",
    "location": "Modern Art Gallery",
    "description": "A curated collection of works by contemporary artists redefining visual art.",
    "url": "#",
    "image": "https://media.istockphoto.com/id/1854862359/photo/young-visitor-at-an-art-exhibition-looks-at-the-artists-collection.jpg?s=612x612&w=0&k=20&c=WNUkUACUD7SHBsy_J2JXWy-t0h-wU54nuLD6YYoB_6I=",
    "month": "2026-02",
    "day": 1
  },
  {
    "id": 51,
    "title": "Acrylic Painting Workshop",
    "category": "arts",
    "date": "Feb 15, 2026",
    "location": "Colors Studio",
    "description": "Learn acrylic painting techniques from a professional artist.",
    "url": "#",
    "image": "https://encrypted-tbn0.gstatic.com/images?q=tbn:ANd9GcT3Kl2NG9gk_MaKlvG1ZptvmMnzWhSAQm7-Q5eEAJETPTUyd1OcrHkGBtRe3qt5DYXV0bU&usqp=CAU",
    "month": "2024-02",
    "day": 15
  },
  {
    "id": 52,
    "title": "Modern Sculpture Exhibition",
    "category": "arts",
    "date": "Mar 1, 2026",
    "location": "Sculpture Garden",
    "description": "Display of modern sculptural works made from diverse materials: metal, wood, glass.",
    "url": "#",
    "image": "https://c8.alamy.com/comp/G2W8R8/hanover-germany-02nd-june-2016-the-bronze-sculpture-le-matin-le-grand-G2W8R8.jpg",
    "month": "2024-03",
    "day": 1
  },
  {
    "id": 53,
    "title": "Best Painting Competition",
    "category": "arts",
    "date": "Mar 15, 2026",
    "location": "Exhibition Hall",
    "description": "Open competition for amateur and professional artists to showcase their best painting.",
    "url": "#",
    "image": "https://www.singulart.com/blog/wp-content/uploads/2024/05/15037_artwork_42ca83a0b53575a2bc65d8bfe13c7624-2.jpeg",
    "month": "2024-03",
    "day": 15
  },
  {
    "id": 54,
    "title": "Interactive Art Show: You Are Part of the Painting",
    "category": "arts",
    "date": "Apr 1, 2026",
    "location": "Interactive Art Center",
    "description": "An interactive art experience where the visitor becomes part of the artwork.",
    "url": "#",
    "image": "https://mymodernmet.com/wp/wp-content/uploads/archive/ovHeWSpWkiajXxw8rcGi_island1.jpg",
    "month": "2024-04",
    "day": 1
  },
  {
    "id": 55,
    "title": "Collage Art Workshop",
    "category": "arts",
    "date": "Apr 15, 2026",
    "location": "Collage Studio",
    "description": "Learn the art of assembling materials to create innovative artworks.",
    "url": "#",
    "image": "https://www.arthouse-atelier.cz/wp-content/uploads/2023/01/ea042b73ca781399d9e23d59d74a9a33fffd49ef983e726619ffd8da115da03a-2_15.jpg",
    "month": "2024-04",
    "day": 15
  },
  {
    "id": 56,
    "title": "Street Art (Graffiti) Exhibition",
    "category": "arts",
    "date": "May 1, 2026",
    "location": "Arts Street",
    "description": "Display of graffiti and street art by local and international artists.",
    "url": "#",
    "image": "https://encrypted-tbn0.gstatic.com/images?q=tbn:ANd9GcSH9F2WoVzEcYIAwfpXkQg0EkRMf7sIRYkIwHkzhTkyKvVqjdZnprlOiAHU1RvaBhR-3QU",
    "month": "2026-05",
    "day": 1
  },
  {
    "id": 57,
    "title": "Art Auction",
    "category": "arts",
    "date": "May 15, 2026",
    "location": "Auction House",
    "description": "Public auction of original artworks from private collections.",
    "url": "#",
    "image": "https://encrypted-tbn0.gstatic.com/images?q=tbn:ANd9GcSbGJoVz2KlFYaJbcMxCVtmKTL6TdUdMtKQUw&s",
    "month": "2026-05",
    "day": 15
  },
  {
    "id": 58,
    "title": "Printmaking Art Workshop",
    "category": "arts",
    "date": "Jun 1, 2026",
    "location": "Print Studio",
    "description": "Learn manual printing techniques: wood, metal, silk screen.",
    "url": "#",
    "image": "https://encrypted-tbn0.gstatic.com/images?q=tbn:ANd9GcSBW5fgNg2Ccto0TPh8q3dIYKE6TG_oIzFe0A&s",
    "month": "2026-06",
    "day": 1
  },
  {
    "id": 59,
    "title": "Light Installation Art Exhibition",
    "category": "arts",
    "date": "Jun 15, 2026",
    "location": "Light Basement",
    "description": "Exhibition of interactive light installations creating enchanting visual worlds.",
    "url": "#",
    "image": "https://encrypted-tbn0.gstatic.com/images?q=tbn:ANd9GcQjv2y7PGPLufbW4J75Or7tAEHPady5PUwANA&s",
    "month": "2026-06",
    "day": 15
  },
  {
    "id": 60,
    "title": "Abstract Photography Workshop",
    "category": "arts",
    "date": "Jul 1, 2026",
    "location": "Photography Studio",
    "description": "Learn how to capture abstract photos that carry an artistic message.",
    "url": "#",
    "image": "https://encrypted-tbn0.gstatic.com/images?q=tbn:ANd9GcSP57EzmXYp_wXfEb_4FrVkr_jzJM9nRQ2pr94Ssx8YjP8-MPKJjSiWp6bBXUh2Rvjlg6k",
    "month": "2026-07",
    "day": 1
  },
  {
    "id": 61,
    "title": "Postmodern Art Exhibition",
    "category": "arts",
    "date": "Jul 15, 2024",
    "location": "Postmodern Gallery",
    "description": "Artworks that challenge traditional concepts and raise existential questions.",
    "url": "#",
    "image": "https://en.sjtu.edu.cn/storage/article/2022/12/b0347a48cacf8f926900d900f9fa1c50.jpg",
    "month": "2026-07",
    "day": 15
  },
  {
    "id": 62,
    "title": "Live Painting Performance",
    "category": "arts",
    "date": "Aug 1, 2024",
    "location": "Artists Square",
    "description": "Artists painting live artworks in front of the audience during show hours.",
    "url": "#",
    "image": "https://encrypted-tbn0.gstatic.com/images?q=tbn:ANd9GcRVKyjrsHBl_W73uJjoPKjF7U40CxZtyKQ7L9UNr11SyXx2JaDOjMspXf8evE1BDA24F_g",
    "month": "2026-08",
    "day": 1
  },
  {
    "id": 63,
    "title": "Black and White Photography Workshop",
    "category": "arts",
    "date": "Aug 15, 2026",
    "location": "Photography Club",
    "description": "Learn black and white photography and professional image editing.",
    "url": "#",
    "image": "https://encrypted-tbn0.gstatic.com/images?q=tbn:ANd9GcQNymQ2hbYf5jauQ9rcUaBmawl5SHOTnWCu2rM6BtqxPNW-cGzV-K8F7RegR7VeToLMp6E",
    "month": "2026-08",
    "day": 15
  },
  {
    "id": 64,
    "title": "Pop Art Exhibition",
    "category": "arts",
    "date": "Sep 1, 2024",
    "location": "Pop Gallery",
    "description": "Works inspired by pop culture: ads, cartoon characters, consumer symbols.",
    "url": "#",
    "image": "https://encrypted-tbn0.gstatic.com/images?q=tbn:ANd9GcSkNGJmGG0jzjd0Zc6UEfGLjjlJ0sEJH_wNWYxIUFRWDodwETum2tyfjqW4FSksqUOA3Fo",
    "month": "2026-09",
    "day": 1
  },
  {
    "id": 65,
    "title": "Digital Art Workshop",
    "category": "arts",
    "date": "Sep 15, 2024",
    "location": "Digital Studio",
    "description": "Learn to use digital drawing software to create stunning artworks.",
    "url": "#",
    "image": "https://shop.nas.edu.au/cdn/shop/files/Ceramics-8869.jpg?v=1732754534&width=533",
    "month": "2026-09",
    "day": 15
  },
  {
    "id": 66,
    "title": "Surrealism Art Exhibition",
    "category": "arts",
    "date": "Oct 1, 2026",
    "location": "Surrealism Salon",
    "description": "Artworks that take you into dream worlds and the subconscious.",
    "url": "#",
    "image": "https://static01.nyt.com/images/2021/10/14/arts/14surrealism-met-1/merlin_196175874_d43cf449-217b-4626-ad13-cafeb6c168cc-articleLarge.jpg?quality=75&auto=webp&disable=upscale",
    "month": "2024-10",
    "day": 1
  },
  {
    "id": 67,
    "title": "Drone Photography Workshop",
    "category": "arts",
    "date": "Oct 15, 2026",
    "location": "Open Site",
    "description": "Learn to photograph landscapes from above using drones professionally.",
    "url": "#",
    "image": "https://encrypted-tbn0.gstatic.com/images?q=tbn:ANd9GcQXoT2_vei8bYcZ8BBN6tIJpA1Rn8U-HSTkkQ&s",
    "month": "2026-10",
    "day": 15
  },
  {
    "id": 68,
    "title": "Expressionism Art Exhibition",
    "category": "arts",
    "date": "Nov 1, 2026",
    "location": "Expression Gallery",
    "description": "Artworks expressing inner emotions through a dramatic and bold style.",
    "url": "#",
    "image": "https://encrypted-tbn0.gstatic.com/images?q=tbn:ANd9GcSJ8v5UoU6YnxoglRFRVt3FvlMgtLsCx1m38JCnMFJPdZauZVS1q8_CH0slgv-RCl7XRTw",
    "month": "2026-11",
    "day": 1
  },
  {
    "id": 69,
    "title": "Macro Photography Workshop",
    "category": "arts",
    "date": "Nov 15, 2026",
    "location": "Details Garden",
    "description": "Learn to photograph fine details in nature and small objects.",
    "url": "#",
    "image": "https://encrypted-tbn0.gstatic.com/images?q=tbn:ANd9GcTnrRZW0B4ipXaCAZkCJfvYFvvrUjjCmEta4R8U3txQoOM2uSaFwtUyvApP1UD3TA6hVqE",
    "month": "2026-11",
    "day": 15
  },
  {
    "id": 70,
    "title": "Documentary Art Photography Exhibition",
    "category": "arts",
    "date": "Dec 1, 2026",
    "location": "Documentary Gallery",
    "description": "Photographs with a documentary style but high artistic aesthetics.",
    "url": "#",
    "image": "https://encrypted-tbn0.gstatic.com/images?q=tbn:ANd9GcToZW0xu8ZJF3rQVcNju6w7jNBLiVuaTyKxKA&s",
    "month": "2026-12",
    "day": 1
  },
  {
    "id": 71,
    "title": "Long Exposure Photography Workshop",
    "category": "arts",
    "date": "Dec 15, 2026",
    "location": "Waterfront",
    "description": "Learn to photograph water and light movement using long exposure.",
    "url": "#",
    "image": "https://encrypted-tbn0.gstatic.com/images?q=tbn:ANd9GcTxogk97CD67oBosOAkCLRMLyth2pLJTlOCjg&s",
    "month": "2026-12",
    "day": 15
  },
 {
    "id": 72,
    "title": "Conceptual Photography Exhibition",
    "category": "arts",
    "date": "Jan 1, 2025",
    "location": "Concepts Salon",
    "description": "Photographs carrying deep philosophical and intellectual concepts.",
    "url": "#",
    "image": "https://encrypted-tbn0.gstatic.com/images?q=tbn:ANd9GcQC0AdFtiVy05vDERsQ953QobfdjAgMDBnE1Q&s",
    "month": "2024-01",
    "day": 1
  },
  {
    "id": 73,
    "title": "Portrait Photography Workshop",
    "category": "arts",
    "date": "Jan 15, 2025",
    "location": "Portrait Studio",
    "description": "Learn to capture portraits that express human personality and soul.",
    "url": "#",
    "image": "https://media.istockphoto.com/id/1462034337/photo/photographer-teaching-students-about-camera-equipment-in-his-studio.jpg?s=612x612&w=0&k=20&c=HbSIrrXoSQzrG6fQ8o7P8I3El3ZuDiydASWX_i1UkEg=",
    "month": "2024-01",
    "day": 15
  },
  {
    "id": 74,
    "title": "Sound Installation Art Exhibition",
    "category": "arts",
    "date": "Feb 1, 2025",
    "location": "Sound Basement",
    "description": "An artistic experience combining sound and space to create an immersive environment.",
    "url": "#",
    "image": "https://madmuseum.org/sites/default/files/2017/12/i-NDzbkqJ-4K.jpg",
    "month": "2024-02",
    "day": 1
  },
  {
    "id": 75,
    "title": "Vintage Film Photography Workshop",
    "category": "arts",
    "date": "Feb 15, 2025",
    "location": "Film Club",
    "description": "Learn to use film cameras and experience the old magic of photography.",
    "url": "#",
    "image": "https://encrypted-tbn0.gstatic.com/images?q=tbn:ANd9GcQnMjgTD3g_PBttiV3FJl8Eeko8ls1jzBujWxy_w5eNmN0usjKfN2rBqZe6sAVbNdCAKtg",
    "month": "2024-02",
    "day": 15
  },
  {
    "id": 76,
    "title": "Chinese Ink Painting Workshop",
    "category": "culture",
    "date": "Feb 10, 2025",
    "location": "Art Studio",
    "description": "Learn traditional techniques of Chinese ink painting.",
    "url": "#",
    "image": "https://www.wpunj.edu/ccart/images/courses/demo-bird-flower.jpg",
    "month": "2025-02",
    "day": 10
  },
  {
    "id": 77,
    "title": "Traditional Music Festival",
    "category": "culture",
    "date": "Mar 8, 2025",
    "location": "Open-Air Theater",
    "description": "Live performances of folk music from various regions.",
    "url": "#",
    "image": "https://www.shutterstock.com/image-photo/back-view-girl-raised-arms-600nw-2453471871.jpg",
    "month": "2025-03",
    "day": 8
  },
  {
    "id": 78,
    "title": "Theatrical Performance: One Thousand and One Nights",
    "category": "culture",
    "date": "Mar 22, 2025",
    "location": "City Theater",
    "description": "A theatrical performance inspired by the tales of One Thousand and One Nights.",
    "url": "#",
    "image": "https://blogger.googleusercontent.com/img/b/R29vZ2xl/AVvXsEgmiqEUHRoF2IQYltoty5zgvB4pocO2s5-bt303GifQoIVURgnKihrnVtMHq3LjIgT2KgkLoE1XSil4b8mq8yQGyRSklvUC36xqpfgJCuMJLYAFPaGpKw-PUNISDn6lU509cADOC6gMGlHX/s1600/Mary+Tilden+as+Hermia%252C+Josh+Mattingly+as+Lysander%252C+Martel+Manning+as+Demetrius%252CLucy+Carapetyan+as+Helena+and+Tom+Wells+as+Oberon.JPG",
    "month": "2025-03",
    "day": 22
  },
  {
    "id": 79,
    "title": "Short Story Competition",
    "category": "culture",
    "date": "Apr 5, 2025",
    "location": "Book Club",
    "description": "A competition to write the best short story with valuable prizes.",
    "url": "#",
    "image": "https://images.unsplash.com/photo-1455390582262-044cdead277a?ixlib=rb-4.0.3&ixid=M3wxMjA3fDB8MHxwaG90by1wYWdlfHx8fGVufDB8fHx8fA%3D%3D&auto=format&fit=crop&w=800&q=80",
    "month": "2025-04",
    "day": 5
  },
  {
    "id": 80,
    "title": "Mosaic Making Workshop",
    "category": "culture",
    "date": "Apr 20, 2025",
    "location": "Handicrafts Center",
    "description": "Learn the art of mosaic-making as practiced in ancient times.",
    "url": "#",
    "image": "https://images.squarespace-cdn.com/content/v1/505baa22e4b0dfa31206ee62/1724970555618-GBB3UYBND52HZSRVIGY7/Pushing+in.jpeg",
    "month": "2025-04",
    "day": 20
  },
  {
    "id": 81,
    "title": "Cultural Trip to Heritage Villages",
    "category": "culture",
    "date": "May 3, 2025",
    "location": "Heritage Village",
    "description": "A trip to discover traditional lifestyles in ancient villages.",
    "url": "#",
    "image": "https://visitturkey.in/wp-content/uploads/2024/07/top-things-to-do-in-turkey-2024-1200x900.webp",
    "month": "2025-05",
    "day": 3
  },
  {
    "id": 82,
    "title": "Evening of Classical Arabic Music",
    "category": "culture",
    "date": "May 18, 2025",
    "location": "Opera House",
    "description": "Performance of the most beautiful classical Arabic musical pieces.",
    "url": "#",
    "image": "https://i.ytimg.com/vi/vPDwYaQqX0w/maxresdefault.jpg",
    "month": "2025-05",
    "day": 18
  },
  {
    "id": 83,
    "title": "Eastern Carpets Exhibition",
    "category": "culture",
    "date": "Jun 1, 2025",
    "location": "Art Salon",
    "description": "Exhibition of the most beautiful hand-made Eastern carpets.",
    "url": "#",
    "image": "https://images.t2online.in/cdn-cgi/image/width=640  ,quality=70/https://apis.t2online.in/getImageStream/108/1752771727045.jpg",
    "month": "2025-06",
    "day": 1
  }
]