[
  {
    "id": 1001,
    "title": "TechFest 2024: AI & Robotics Challenge",
    "image": "https://images.unsplash.com/photo-1540575467063-178a50c2df87?ixlib=rb-4.0.3&ixid=M3wxMjA3fDB8MHxwaG90by1wYWdlfHx8fGVufDB8fHx8fA%3D%3D&auto=format&fit=crop&w=1200&q=80",
    "date": "2024-10-10",
    "time": "09:00 AM - 06:00 PM",
    "location": "Main Auditorium & Engineering Labs",
    "countdown": "0d 0h 0m 0s",
    "description": "Join us for the biggest technical festival of the year featuring coding competitions, robotics showcases, guest lectures from industry experts, and innovation challenges. This year's theme: AI & Robotics. A celebration of technology, creativity, and problem-solving.",
    "tags": ["technology", "competition", "innovation", "robotics", "AI"],
    "likes": 480,
    "buttonText": "Explore TechFest",
    "category": "academic",
    "popularity": 480,
    "status": "Expired"
  },
  {
    "id": 1002,
    "title": "Cultural Heritage Week: Global Voices",
    "image": "  https://images.unsplash.com/photo-1470229722913-7c0e2dbbafd3?ixlib=rb-4.0.3&ixid=M3wxMjA3fDB8MHxwaG90by1wYWdlfHx8fGVufDB8fHx8fA%3D%3D&auto=format&fit=crop&w=1200&q=80",
    "date": "2024-10-25",
    "time": "10:00 AM - 09:00 PM",
    "location": "Campus Grounds & Cultural Center",
    "countdown": "10d 0h 0m 0s",
    "description": "Experience the rich tapestry of cultures represented at our university. Enjoy traditional music and dance performances, international food stalls, art exhibitions, and workshops on cultural storytelling. This week celebrates our global community.",
    "tags": ["culture", "music", "dance", "food", "international"],
    "likes": 350,
    "buttonText": "Celebrate Cultures",
    "category": "cultural",
    "popularity": 350,
    "status": "Upcoming"
  },
  {
    "id": 1003,
    "title": "Inter-College Football Finals",
    "image": "  https://media.istockphoto.com/id/1055084580/photo/cheering-american-football-team-raising-a-championship-trophy-in-victory.jpg?s=612x612&w=0&k=20&c=Y7JFPM88sh4qDt8cXOkGBKzJ8F1gMxketh_z5jRbWYA=",
    "date": "2025-11-02",
    "time": "02:00 PM - 06:00 PM",
    "location": "University Sports Field",
    "countdown": "18d 0h 0m 0s",
    "description": "The climax of our inter-college sports season! Watch the finals of the highly anticipated football tournament. Cheer for your favorite team and enjoy the competitive spirit. Prizes and trophies await the winners!",
    "tags": ["sports", "football", "tournament", "finals"],
    "likes": 510,
    "buttonText": "Get Tickets",
    "category": "sports",
    "popularity": 510,
    "status": "Upcoming"
  },
  {
    "id": 1004,
    "title": "Department of Computer Science: Research Poster Session",
    "image": "  https://images.unsplash.com/photo-1555066931-4365d14bab8c?ixlib=rb-4.0.3&ixid=M3wxMjA3fDB8MHxwaG90by1wYWdlfHx8fGVufDB8fHx8fA%3D%3D&auto=format&fit=crop&w=1200&q=80",
    "date": "2024-10-18",
    "time": "01:00 PM - 04:00 PM",
    "location": "CS Department Building, Lobby",
    "countdown": "3d 0h 0m 0s",
    "description": "An opportunity for undergraduate and graduate students to present their research projects. Topics range from machine learning to software engineering. Come learn about the cutting-edge work being done by your peers!",
    "tags": ["computer science", "research", "poster session", "students"],
    "likes": 190,
    "buttonText": "View Posters",
    "category": "departmental",
    "popularity": 190,
    "status": "Started"
  },
  {
    "id": 1005,
    "title": "Contemporary Art Exhibition: Student Showcase",
    "image": "  https://media.istockphoto.com/id/1854862359/photo/young-visitor-at-an-art-exhibition-looks-at-the-artists-collection.jpg?s=612x612&w=0&k=20&c=WNUkUACUD7SHBsy_J2JXWy-t0h-wU54nuLD6YYoB_6I=",
    "date": "2023-09-28",
    "time": "10:00 AM - 08:00 PM",
    "location": "University Art Gallery",
    "countdown": "0d 0h 0m 0s",
    "description": "A vibrant display of artwork created by our talented students from the School of Arts and Communication. Featuring paintings, sculptures, digital art, and installations. Celebrate creativity and support our emerging artists.",
    "tags": ["art", "exhibition", "student", "showcase"],
    "likes": 280,
    "buttonText": "Visit Gallery",
    "category": "cultural",
    "popularity": 280,
    "status": "Expired"
  },
  {
    "id": 1006,
    "title": "Sustainability Workshop: Green Campus Initiative",
    "image": "  https://images.unsplash.com/photo-1523240795612-9a054b0db644?ixlib=rb-4.0.3&ixid=M3wxMjA3fDB8MHxwaG90by1wYWdlfHx8fGVufDB8fHx8fA%3D%3D&auto=format&fit=crop&w=1200&q=80",
    "date": "2024-10-20",
    "time": "11:00 AM - 01:00 PM",
    "location": "Environmental Science Building, Room 101",
    "countdown": "5d 0h 0m 0s",
    "description": "Learn practical ways to make our campus more sustainable. Topics include waste reduction, energy conservation, and sustainable transportation. Join the Green Campus Initiative and be part of the solution for a greener future.",
    "tags": ["sustainability", "workshop", "environment", "campus"],
    "likes": 210,
    "buttonText": "Register Now",
    "category": "academic",
    "popularity": 210,
    "status": "Started"
  },
  {
    "id": 1007,
    "title": "Winter Sports Carnival",
    "image": "  https://media.istockphoto.com/id/1194322682/photo/pond-hockey-game-on-lake-nokomis-in-minneapolis.jpg?s=612x612&w=0&k=20&c=MK_IJrJJHEYRC0QIENgPOeJPC_FnfYV_YP9cUZ1MjfY=",
    "date": "2023-12-15",
    "time": "12:00 PM - 10:00 PM",
    "location": "Central Park & Ice Rink",
    "countdown": "0d 0h 0m 0s",
    "description": "Get into the holiday spirit with our annual Winter Sports Carnival! Enjoy ice skating, snowball fights, tug-of-war, and a festive market. Hot chocolate and mulled wine will be served.",
    "tags": ["winter", "sports", "carnival", "fun"],
    "likes": 450,
    "buttonText": "See Highlights",
    "category": "sports",
    "popularity": 450,
    "status": "Expired"
  },
  {
    "id": 1008,
    "title": "Department of Biology Guest Lecture Series",
    "image": "  https://images.unsplash.com/photo-1582719478250-c89cae4dc85b?ixlib=rb-4.0.3&ixid=M3wxMjA3fDB8MHxwaG90by1wYWdlfHx8fGVufDB8fHx8fA%3D%3D&auto=format&fit=crop&w=1200&q=80",
    "date": "2025-11-05",
    "time": "04:00 PM - 06:00 PM",
    "location": "Biology Department, Lecture Hall 2",
    "countdown": "20d 0h 0m 0s",
    "description": "Join us for a talk by Dr. Jane Smith on 'Biodiversity Conservation in a Changing Climate'. Open to all students and faculty interested in ecology and environmental science.",
    "tags": ["biology", "lecture", "ecology", "conservation"],
    "likes": 160,
    "buttonText": "Add to Calendar",
    "category": "departmental",
    "popularity": 160,
    "status": "Upcoming"
  },
  {
    "id": 1009,
    "title": "Alumni Networking Mixer",
    "image": "  https://images.unsplash.com/photo-1511798616182-aab3698ac53e?w=500&auto=format&fit=crop&q=60&ixlib=rb-4.0.3&ixid=M3wxMjA3fDB8MHxzZWFyY2h8Mnx8bmV0d29ya2luZyUyMGV2ZW50fGVufDB8fDB8fHww",
    "date": "2023-08-22",
    "time": "06:00 PM - 09:00 PM",
    "location": "Grand Hall, Student Union",
    "countdown": "0d 0h 0m 0s",
    "description": "Connect with fellow alumni and current students in a relaxed setting. Share experiences, build professional relationships, and discover new opportunities. Light refreshments will be served. Hosted by the Alumni & Friends Network.",
    "tags": ["alumni", "networking", "mixer", "social"],
    "likes": 180,
    "buttonText": "View Photos",
    "category": "departmental",
    "popularity": 180,
    "status": "Expired"
  },
  {
    "id": 1010,
    "title": "Photography Club: Night Photography Workshop",
    "image": "  https://images.unsplash.com/photo-1506905925346-21bda4d32df4?w=500&auto=format&fit=crop&q=60&ixlib=rb-4.0.3&ixid=M3wxMjA3fDB8MHxzZWFyY2h8Mnx8bmlnaHQlMjBwaG90b2dyYXBoeXxlbnwwfHwwfHx8MA%3D%3D",
    "date": "2024-10-27",
    "time": "07:00 PM - 10:00 PM",
    "location": "Photography Club House & Campus Grounds",
    "countdown": "12d 0h 0m 0s",
    "description": "Learn the art of capturing stunning photos in low light conditions. Topics include camera settings, composition, and post-processing tips for night scenes. Bring your camera and tripod!",
    "tags": ["photography", "workshop", "night", "club"],
    "likes": 140,
    "buttonText": "Join Workshop",
    "category": "cultural",
    "popularity": 140,
    "status": "Upcoming"
  },
  {
    "id": 1011,
    "title": "Annual Academic Celebration",
    "image": "  https://mau.se/contentassets/c4d07b1bdd9f40fb8e534061fbf000ea/_dsc85532.jpg?w=570&h=320&mode=crop&quality=10",
    "date": "2024-10-19",
    "time": "03:00 PM - 08:00 PM",
    "location": "University Main Hall",
    "countdown": "4d 0h 0m 0s",
    "description": "Celebrate the achievements of our students, faculty, and researchers. Enjoy performances, awards ceremony, and inspiring keynote speeches. A formal event to honor academic excellence.",
    "tags": ["academic", "celebration", "awards", "performance"],
    "likes": 320,
    "buttonText": "More Info",
    "category": "academic",
    "popularity": 320,
    "status": "Started"
  },
  {
    "id": 1012,
    "title": "Basketball Intramural League",
    "image": "  https://images.unsplash.com/photo-1546519638-68e109498ffc?w=500&auto=format&fit=crop&q=60&ixlib=rb-4.0.3&ixid=M3wxMjA3fDB8MHxzZWFyY2h8Mnx8YmFza2V0YmFsbHxlbnwwfHwwfHx8MA%3D%3D",
    "date": "2024-10-30",
    "time": "05:00 PM - 08:00 PM",
    "location": "University Gymnasium",
    "countdown": "15d 0h 0m 0s",
    "description": "Join the fun and competitive spirit of our intramural basketball league! Open to all students, staff, and faculty. Form a team or join as a free agent. Games will be held every Wednesday and Friday.",
    "tags": ["sports", "basketball", "league", "intramural"],
    "likes": 250,
    "buttonText": "Sign Up Now",
    "category": "sports",
    "popularity": 250,
    "status": "Upcoming"
  },
  {
    "id": 1013,
    "title": "Department of Culture, Languages and Media: Film Screening",
    "image": "  https://images.unsplash.com/photo-1536440136628-849c177e76a1?w=500&auto=format&fit=crop&q=60&ixlib=rb-4.0.3&ixid=M3wxMjA3fDB8MHxzZWFyY2h8Mnx8bW92aWUlMjBzY3JlZW5pbmd8ZW58MHx8MHx8fDA%3D",
    "date": "2023-09-12",
    "time": "07:00 PM - 09:30 PM",
    "location": "Media Department Screening Room",
    "countdown": "0d 0h 0m 0s",
    "description": "Join us for a screening of the award-winning documentary 'Voices of the City'. Followed by a discussion with the director and local community leaders featured in the film.",
    "tags": ["film", "documentary", "screening", "discussion"],
    "likes": 130,
    "buttonText": "Watch Trailer",
    "category": "departmental",
    "popularity": 130,
    "status": "Expired"
  },
  {
    "id": 1014,
    "title": "Hackathon 2024: Sustainable Solutions",
    "image": "  https://images.unsplash.com/photo-1552664730-d307ca884978?w=500&auto=format&fit=crop&q=60&ixlib=rb-4.0.3&ixid=M3wxMjA3fDB8MHxzZWFyY2h8Mnx8aGFja2F0aG9ufGVufDB8fDB8fHww",
    "date": "2025-11-08",
    "time": "09:00 AM - 06:00 PM",
    "location": "Innovation Hub & Computer Labs",
    "countdown": "23d 0h 0m 0s",
    "description": "48-hour coding marathon to develop innovative solutions for sustainability challenges. Prizes for the best projects. Open to students from all disciplines. Form your team and register now!",
    "tags": ["hackathon", "coding", "sustainability", "competition"],
    "likes": 410,
    "buttonText": "Form Team",
    "category": "academic",
    "popularity": 410,
    "status": "Upcoming"
  },
  {
    "id": 1015,
    "title": "Poetry Slam Night",
    "image": "  https://images.unsplash.com/photo-1513364776144-60967b0f800f?w=500&auto=format&fit=crop&q=60&ixlib=rb-4.0.3&ixid=M3wxMjA3fDB8MHxzZWFyY2h8Mnx8cG9ldHJ5fGVufDB8fDB8fHx8MA%3D%3D",
    "date": "2024-10-22",
    "time": "08:00 PM - 10:00 PM",
    "location": "Student Lounge",
    "countdown": "7d 0h 0m 0s",
    "description": "Showcase your spoken word artistry or come to listen and be inspired. An open mic event where poets compete for the title and audience applause. Themes: Identity, Future, and Hope.",
    "tags": ["poetry", "slam", "performance", "literature"],
    "likes": 220,
    "buttonText": "Perform or Attend",
    "category": "cultural",
    "popularity": 220,
    "status": "Upcoming"
  },
  {
    "id": 1016,
    "title": "Yoga & Meditation for Stress Relief",
    "image": "  https://images.unsplash.com/photo-1544367563-00fcf361f2d6?w=500&auto=format&fit=crop&q=60&ixlib=rb-4.0.3&ixid=M3wxMjA3fDB8MHxzZWFyY2h8Mnx8eW9nYXxlbnwwfHwwfHx8MA%3D%3D",
    "date": "2024-10-17",
    "time": "12:00 PM - 01:30 PM",
    "location": "Campus Green Lawn",
    "countdown": "2d 0h 0m 0s",
    "description": "Join our weekly yoga and meditation session to relax your mind and body. Suitable for all levels. Mats and props will be provided. A great way to de-stress during exam week.",
    "tags": ["yoga", "meditation", "wellness", "stress relief"],
    "likes": 190,
    "buttonText": "Join Session",
    "category": "sports",
    "popularity": 190,
    "status": "Started"
  },
  {
    "id": 1017,
    "title": "Department of Natural Science: Public Science Lecture",
    "image": "  https://media.istockphoto.com/id/2229961376/photo/a-group-of-interns-stands-in-an-auditorium-where-a-man-in-a-white-lab-coat-is-giving-a.jpg?s=612x612&w=0&k=20&c=s69Tnyzlsl_vJCOHqvItRVG2GvtIQtSPvfAKdrYLl-o=",
    "date": "2025-11-12",
    "time": "06:00 PM - 07:30 PM",
    "location": "Natural Science Building, Auditorium A",
    "countdown": "27d 0h 0m 0s",
    "description": "Professor John Doe will present his latest research on 'The Mysteries of Quantum Entanglement'. An engaging talk for anyone curious about the frontiers of physics.",
    "tags": ["science", "lecture", "physics", "quantum"],
    "likes": 170,
    "buttonText": "RSVP",
    "category": "departmental",
    "popularity": 170,
    "status": "Upcoming"
  },
  {
    "id": 1018,
    "title": "International Food Festival",
    "image": "  https://images.unsplash.com/photo-1490818387583-1baba5e638af?w=500&auto=format&fit=crop&q=60&ixlib=rb-4.0.3&ixid=M3wxMjA3fDB8MHxzZWFyY2h8Mnx8Zm9vZHxlbnwwfHwwfHx8MA%3D%3D",
    "date": "2023-05-18",
    "time": "11:00 AM - 07:00 PM",
    "location": "Central Plaza",
    "countdown": "0d 0h 0m 0s",
    "description": "A delicious journey around the world! Sample dishes from different cultures prepared by our international student community. Live music and cultural performances throughout the day.",
    "tags": ["food", "festival", "international", "culture"],
    "likes": 530,
    "buttonText": "See Menu",
    "category": "cultural",
    "popularity": 530,
    "status": "Expired"
  },
  {
    "id": 1019,
    "title": "Career Fair 2024",
    "image": "  https://images.unsplash.com/photo-1515187029135-18ee286d815b?w=500&auto=format&fit=crop&q=60&ixlib=rb-4.0.3&ixid=M3wxMjA3fDB8MHxzZWFyY2h8Mnx8Y2FyZWVyJTIwZmFpcnxlbnwwfHwwfHx8MA%3D%3D",
    "date": "2024-10-31",
    "time": "10:00 AM - 04:00 PM",
    "location": "Student Union Building",
    "countdown": "16d 0h 0m 0s",
    "description": "Meet potential employers, explore internship and job opportunities, and network with industry professionals. Resume reviews and mock interviews available. Don't miss this chance to kickstart your career!",
    "tags": ["career", "fair", "jobs", "networking"],
    "likes": 380,
    "buttonText": "Get Your Ticket",
    "category": "academic",
    "popularity": 380,
    "status": "Upcoming"
  },
  {
    "id": 1020,
    "title": "Swimming Pool Maintenance Workshop",
    "image": "  https://images.unsplash.com/photo-1534438327276-14e5300c3a48?w=500&auto=format&fit=crop&q=60&ixlib=rb-4.0.3&ixid=M3wxMjA3fDB8MHxzZWFyY2h8Mnx8c3dpc3xlbnwwfHwwfHx8MA%3D%3D",
    "date": "2023-07-20",
    "time": "09:00 AM - 12:00 PM",
    "location": "Aquatics Center",
    "countdown": "0d 0h 0m 0s",
    "description": "Learn about pool chemistry, cleaning techniques, and safety protocols. Open to all students interested in becoming pool lifeguards or maintaining their own pools.",
    "tags": ["swimming", "workshop", "maintenance", "safety"],
    "likes": 90,
    "buttonText": "Certificate Info",
    "category": "sports",
    "popularity": 90,
    "status": "Expired"
  },
  {
    "id": 1021,
    "title": "Department of Childhood, Education and Society: Parenting Seminar",
    "image": "  https://images.unsplash.com/photo-1503454537195-1dcabb73ffb9?w=500&auto=format&fit=crop&q=60&ixlib=rb-4.0.3&ixid=M3wxMjA3fDB8MHxzZWFyY2h8Mnx8Y2hpbGRyZW58ZW58MHx8MHx8fDA%3D",
    "date": "2024-10-24",
    "time": "05:30 PM - 07:30 PM",
    "location": "Education Department, Room 202",
    "countdown": "9d 0h 0m 0s",
    "description": "A seminar for students, parents, and educators on 'Effective Communication with Children'. Led by Dr. Anna Karlsson, expert in child psychology.",
    "tags": ["education", "seminar", "parenting", "child psychology"],
    "likes": 150,
    "buttonText": "Register",
    "category": "departmental",
    "popularity": 150,
    "status": "Upcoming"
  },
  {
    "id": 1022,
    "title": "Jazz Night at the Student Café",
    "image": "  https://images.unsplash.com/photo-1470225620780-dba8ba36b745?w=500&auto=format&fit=crop&q=60&ixlib=rb-4.0.3&ixid=M3wxMjA3fDB8MHxzZWFyY2h8Mnx8amF6enxlbnwwfHwwfHx8MA%3D%3D",
    "date": "2024-10-16",
    "time": "08:00 PM - 11:00 PM",
    "location": "Student Café",
    "countdown": "1d 0h 0m 0s",
    "description": "Smooth sounds and cool vibes. Enjoy live jazz performed by the University Jazz Ensemble. Grab a coffee or a snack and unwind after a busy day.",
    "tags": ["music", "jazz", "performance", "relax"],
    "likes": 200,
    "buttonText": "See Setlist",
    "category": "cultural",
    "popularity": 200,
    "status": "Started"
  },
  {
    "id": 1023,
    "title": "Academic Writing Workshop for Thesis",
    "image": "  https://images.unsplash.com/photo-1456513080510-7bf3a84b82f8?w=500&auto=format&fit=crop&q=60&ixlib=rb-4.0.3&ixid=M3wxMjA3fDB8MHxzZWFyY2h8Mnx8d3JpdGluZ3xlbnwwfHwwfHx8MA%3D%3D",
    "date": "2025-11-15",
    "time": "10:00 AM - 03:00 PM",
    "location": "Library Conference Rooms",
    "countdown": "30d 0h 0m 0s",
    "description": "A comprehensive workshop covering structure, citation styles, clarity, and avoiding plagiarism for your final thesis or dissertation. Led by the Academic Writing Center.",
    "tags": ["writing", "workshop", "thesis", "academic support"],
    "likes": 240,
    "buttonText": "Enroll Now",
    "category": "academic",
    "popularity": 240,
    "status": "Upcoming"
  },
  {
    "id": 1024,
    "title": "Volleyball Tournament: Beach Edition",
    "image": "  https://images.unsplash.com/photo-1540442200306-954a10f1a4d7?w=500&auto=format&fit=crop&q=60&ixlib=rb-4.0.3&ixid=M3wxMjA3fDB8MHxzZWFyY2h8Mnx8dm9sbGV5YmFsbHxlbnwwfHwwfHx8MA%3D%3D",
    "date": "2023-06-22",
    "time": "01:00 PM - 06:00 PM",
    "location": "Campus Beach Volleyball Courts",
    "countdown": "0d 0h 0m 0s",
    "description": "Fun in the sun with our annual beach volleyball tournament! Open to all skill levels. Register your team of 4-6 players. Prizes for 1st, 2nd, and 3rd places.",
    "tags": ["sports", "volleyball", "tournament", "beach"],
    "likes": 310,
    "buttonText": "See Results",
    "category": "sports",
    "popularity": 310,
    "status": "Expired"
  },
  {
    "id": 1025,
    "title": "Department of Urban Studies: City Planning Talk",
    "image": "  https://images.unsplash.com/photo-1472289065668-ce650ac443d2?w=500&auto=format&fit=crop&q=60&ixlib=rb-4.0.3&ixid=M3wxMjA3fDB8MHxzZWFyY2h8Mnx8Y2l0eXxlbnwwfHwwfHx8MA%3D%3D",
    "date": "2024-10-29",
    "time": "12:00 PM - 01:30 PM",
    "location": "Urban Studies Building, Room 150",
    "countdown": "14d 0h 0m 0s",
    "description": "Guest speaker Maria Lindqvist, Urban Planner, will discuss 'Sustainable Mobility Solutions for Future Cities'. Learn about innovative approaches to public transportation and cycling infrastructure.",
    "tags": ["urban studies", "planning", "sustainability", "talk"],
    "likes": 120,
    "buttonText": "Add to Calendar",
    "category": "departmental",
    "popularity": 120,
    "status": "Upcoming"
  },
  {
    "id": 1026,
    "title": "Open Mic Night: Storytelling Special",
    "image": "  https://images.unsplash.com/photo-1511671782779-c97d3d27a1d4?w=500&auto=format&fit=crop&q=60&ixlib=rb-4.0.3&ixid=M3wxMjA3fDB8MHxzZWFyY2h8Mnx8c3Rvcnl8ZW58MHx8MHx8fDA%3D",
    "date": "2023-10-13",
    "time": "07:30 PM - 09:30 PM",
    "location": "Campus Library Courtyard",
    "countdown": "0d 0h 0m 0s",
    "description": "Share a personal story, a folk tale, or a short fiction piece. A warm and welcoming space for all storytellers. Audience participation and applause guaranteed!",
    "tags": ["storytelling", "open mic", "performance", "community"],
    "likes": 180,
    "buttonText": "Attend",
    "category": "cultural",
    "popularity": 180,
    "status": "Expired"
  },
  {
    "id": 1027,
    "title": "Mathematics Competition: Pi Day Challenge",
    "image": "  https://images.unsplash.com/photo-1635805737707-575885ab0820?w=500&auto=format&fit=crop&q=60&ixlib=rb-4.0.3&ixid=M3wxMjA3fDB8MHxzZWFyY2h8Mnx8bWF0aHxlbnwwfHwwfHx8MA%3D%3D",
    "date": "2025-11-01",
    "time": "02:00 PM - 05:00 PM",
    "location": "Mathematics Department, Rooms 101-105",
    "countdown": "16d 0h 0m 0s",
    "description": "Test your problem-solving skills in our annual mathematics competition. Individual and team rounds. Prizes for top performers. Open to all students interested in math!",
    "tags": ["mathematics", "competition", "Pi Day", "problem solving"],
    "likes": 260,
    "buttonText": "Practice Problems",
    "category": "academic",
    "popularity": 260,
    "status": "Upcoming"
  },
  {
    "id": 1028,
    "title": "5K Charity Fun Run",
    "image": "  https://images.unsplash.com/photo-1534008897995-27a23e859048?w=500&auto=format&fit=crop&q=60&ixlib=rb-4.0.3&ixid=M3wxMjA3fDB8MHxzZWFyY2h8Mnx8cnVufGVufDB8fDB8fHx8MA%3D%3D",
    "date": "2024-10-26",
    "time": "09:00 AM - 12:00 PM",
    "location": "Campus Grounds & Surrounding Park",
    "countdown": "11d 0h 0m 0s",
    "description": "Run, walk, or jog for a cause! All proceeds from registration fees will be donated to the University Food Pantry. Get your friends and family involved. T-shirts and medals for all participants.",
    "tags": ["sports", "running", "charity", "5K"],
    "likes": 340,
    "buttonText": "Register & Donate",
    "category": "sports",
    "popularity": 340,
    "status": "Upcoming"
  },
  {
    "id": 1029,
    "title": "Department of Global Political Studies: Model UN Prep",
    "image": "  https://images.unsplash.com/photo-1588670832123-744c71945a3d?w=500&auto=format&fit=crop&q=60&ixlib=rb-4.0.3&ixid=M3wxMjA3fDB8MHxzZWFyY2h8Mnx8dW5pdGVkfGVufDB8fDB8fHww",
    "date": "2024-10-15",
    "time": "04:00 PM - 06:00 PM",
    "location": "GPS Department, Seminar Room",
    "countdown": "0d 0h 0m 0s",
    "description": "Prepare for the upcoming Model United Nations conference. Learn about committee procedures, research techniques, and diplomatic negotiation skills. Open to all interested students.",
    "tags": ["political studies", "Model UN", "workshop", "diplomacy"],
    "likes": 140,
    "buttonText": "Join Prep Group",
    "category": "departmental",
    "popularity": 140,
    "status": "Started"
  },
  {
    "id": 1030,
    "title": "Rock Band Showcase",
    "image": "  https://images.unsplash.com/photo-1470229722913-7c0e2dbbafd3?ixlib=rb-4.0.3&ixid=M3wxMjA3fDB8MHxwaG90by1wYWdlfHx8fGVufDB8fHx8fA%3D%3D&auto=format&fit=crop&w=1200&q=80",
    "date": "2025-11-09",
    "time": "07:00 PM - 10:00 PM",
    "location": "Campus Amphitheater",
    "countdown": "24d 0h 0m 0s",
    "description": "Local student bands take the stage! From indie rock to alternative, enjoy an evening of live music. Food trucks will be available. Bring your friends and dancing shoes!",
    "tags": ["music", "concert", "bands", "showcase"],
    "likes": 290,
    "buttonText": "See Lineup",
    "category": "cultural",
    "popularity": 290,
    "status": "Upcoming"
  }
]